"d(N,RE)","d(N,LE)","d(N,RM)","d(N,LM)","d(N,F)"
52.04377131,36.73772465,43.98822758,34.11798448,106.0249381
46.62573635,31.89585454,37.61557543,28.92446435,111.1125542
43.2266872,33.94915247,35.77477319,31.11640383,108.2635505
46.18313023,35.66714943,35.22495409,30.23487335,106.320584
46.01954299,29.88474526,40.88324358,33.23028897,107.8728125
46.19784414,35.33625962,37.49122395,32.85190941,103.8338349
43.4168635,36.14854298,35.13995089,32.50638068,105.972296
46.19528535,37.73474225,40.51287514,33.47537786,105.5615745
44.07724395,38.38647985,36.73914781,30.36131416,104.7831021
45.21067465,39.18309715,39.59800294,36.37240488,103.6351774
43.86326323,34.0335531,42.1681481,33.67297141,98.19591996
49.26274573,34.09880347,45.11429139,36.72128167,102.0755857
48.08900359,35.70394114,39.85568101,34.88084169,102.0226866
46.57970905,36.64896328,44.71329737,36.29287142,102.0084803
47.26595898,34.3335057,44.76012986,33.54601001,103.999405
47.03754672,40.24786269,49.29232236,41.17034815,102.3581939
46.17357429,35.83251379,41.85260169,37.89550476,103.3566269
45.78826201,35.49668912,41.48736086,36.64045191,100.8211771
42.36712837,33.65715197,37.07449953,31.79648201,104.7950615
45.54067631,36.28162882,37.78472891,31.11997747,106.8875732
45.24455707,37.34421344,38.55348706,34.83673944,106.2467427
46.3870981,37.79125415,35.30958129,30.41016567,105.292725
47.67379545,40.48628311,35.56402175,32.73070607,107.1887358
44.78015555,38.77732214,33.04096313,30.1979471,104.1617594
44.67697736,41.15451646,36.70482563,32.24490152,101.9916277
46.77414402,47.82114921,30.35731953,30.26670745,95.81395867
38.44297584,48.18769995,27.80175318,31.64176258,86.40710677
36.37541714,50.27134838,27.58355795,32.08253603,86.33553097
29.91317279,53.65011837,24.6359461,32.17099475,75.97726419
31.17445274,58.05320167,29.76480596,46.85822952,76.71731712
33.9875818,57.35039795,26.97034016,41.04885517,82.90297692
39.60595859,50.72894928,30.36289949,36.57243034,92.32365582
42.94142671,49.82061794,31.70893672,37.60329735,94.04623647
42.46703099,46.43890439,30.763144,33.19030194,95.33706877
40.76899939,42.58343302,35.7383279,34.20047551,98.88586504
42.58468455,44.11118582,34.23600922,32.54240676,102.7080277
45.60308653,39.84110454,36.03583358,28.47591947,105.6768241
44.78607769,39.80984684,36.47657558,28.75972729,102.2186364
48.09973503,40.74378553,37.6217434,27.94554973,108.6144004
48.21785887,40.74195538,38.28923847,28.04236838,110.0008141
44.4682916,38.61189415,38.99707877,28.01787231,108.8851433
47.1134322,41.18373509,37.46129953,28.33610323,110.1942664
47.43762457,40.53688146,37.63885304,28.11029646,107.2239801
43.83439848,35.83172719,39.80385386,29.53980016,105.2556175
48.26495484,34.78991452,40.91420663,30.5333521,111.3611734
45.61442966,36.57153315,35.66886952,29.24947444,106.4448753
49.86655196,38.1600576,40.20826774,29.38024096,109.0596745
45.64020754,36.38722941,41.50914386,30.3007654,107.5206027
46.60069669,36.48146437,38.40615209,28.21278967,108.0735625
47.76147812,36.9070865,37.54602765,28.10968908,108.8477665
44.97955957,36.08257233,38.22155985,30.61844569,104.333153
48.29571383,36.46808376,36.40274916,26.27339934,111.1259277
45.50436393,34.9958969,35.89092352,26.04471336,110.1670437
45.16297035,36.84685106,36.95018469,28.07932878,107.1802361
45.47596804,35.2101801,36.9592033,27.17063526,109.344384
43.55496046,35.46852035,38.67451767,27.45550008,106.4916199
44.94686733,33.5792658,37.74183544,28.2028324,106.8990115
44.7974771,33.52291744,39.08214274,29.91815492,107.9910846
44.21539229,32.71145765,37.77300095,29.57557808,109.8833441
43.50966862,34.69258126,36.13271324,28.21958431,106.5685114
48.3213848,38.75223613,37.92276651,28.07126926,108.8395103
48.38974181,35.56131667,38.20325507,26.80161239,109.9283429
44.72859238,33.48175772,37.16697249,29.3642234,107.0771177
43.00406815,32.35776231,39.62118021,31.91187498,109.0582434
47.30340931,34.69448562,41.97357695,31.42961784,105.9610113
43.93680065,37.83453501,38.6740236,30.6300842,105.1258743
46.3163218,33.27177546,37.66859319,31.17348182,108.8821334
49.86365227,32.42358544,38.89098107,29.44692476,111.7239572
47.16244382,32.77560227,38.13936913,30.93780196,104.6137261
45.10864358,31.57679402,36.2534803,29.89440761,108.7260945
43.07692767,31.25626813,39.73658651,30.75629596,102.1523256
46.02798253,31.59987389,42.31218868,31.1431948,107.1244856
43.2470208,31.57679402,38.84012965,30.70335202,106.4668807
45.19288929,33.11387952,38.12490442,32.70800244,102.8547688
44.14033833,31.82410858,41.42289601,33.15226323,104.3840059
42.85311728,31.73987639,40.20813903,31.2401219,103.499329
43.80061988,32.39101618,42.87477826,33.7253476,106.6356876
45.44058115,31.83719475,42.50868941,33.87574436,106.1022716
45.8326437,39.43808178,40.33272645,33.22540456,102.5043674
41.44437285,33.5190956,43.18136346,35.19609766,103.8222514
42.2453528,33.0808223,45.70402659,34.4510781,104.8450045
40.9494893,32.27150725,40.97663823,34.15398983,104.1534234
39.80716282,29.57946096,39.18408306,34.22856729,100.0865369
38.51653403,29.62093001,43.92287271,38.39283934,103.4613149
41.95333951,30.70740054,42.17228257,34.62821225,102.6827981
41.68222467,31.39840388,42.12490724,35.43271192,101.9885413
44.35228292,30.3786107,44.80911506,30.6266607,109.5659543
43.92621854,32.91066384,37.73200746,31.46260307,104.3054835
51.20979859,33.98082943,42.49550486,32.34888577,108.3805387
47.0028866,36.91505873,37.36498526,33.15515634,106.1570443
45.97584546,40.92024547,31.56743059,28.41979198,103.0790104
45.36584191,39.9072614,36.01165801,37.87412853,100.4551564
47.26274154,36.56683139,40.32151742,32.55249474,102.3009728
46.86855688,40.33821895,40.29953984,34.32600609,98.9280958
42.88716554,41.87805085,38.40347169,40.94925519,97.4823826
46.50389385,38.38027174,40.18969799,29.42955324,98.43482357
43.33047582,36.58679747,42.83982442,35.24562747,100.1225387
45.95922908,37.97282881,39.98071369,36.96470907,99.4748331
42.65328111,36.90358452,39.23874013,34.8055292,99.08908622
38.46117972,42.82104594,33.45672763,31.33452766,99.17282894
43.76720157,40.11795622,40.5697304,37.65299222,97.26181173
40.95637989,39.98559297,38.45468767,38.45468767,96.44555099
44.94784353,38.64491428,40.25135996,35.85532423,98.83100934
43.38761306,38.21335529,36.15756062,33.28575141,95.66021152
39.75303232,36.99016113,36.26476648,34.01973487,96.47232402
44.31015443,39.92375871,38.19027901,32.5168943,97.23648759
40.02714624,36.56120711,34.46517963,32.2186764,97.7323251
39.53553076,37.74329489,37.33084937,36.73659493,97.6187111
37.03547773,38.85991786,34.54834774,34.54834774,92.67835982
38.7172905,36.15641803,36.47335476,34.81801684,91.27521466
38.12490442,37.30338288,34.23087314,32.92222161,93.91864665
43.46606407,38.8431996,38.1571764,35.86856161,100.5630945
41.58065276,36.77782444,32.9458461,29.54258225,101.6646965
45.73302162,48.33063806,36.09134455,38.82719421,91.44714306
41.39479325,38.57101918,37.68182264,33.10571473,101.6290031
42.454615,35.19490862,36.94401086,32.1511297,100.883176
43.33560886,39.51438853,42.32385285,37.27535083,98.12757367
39.75471518,39.71940029,38.91893686,35.61114056,94.34557423
43.59060248,41.63851132,38.89167649,37.20215048,102.11238
41.5996445,41.74572387,41.74572387,35.17592469,97.60497785
41.5786797,40.59424207,39.80546171,38.80573805,91.66705429
47.57619037,39.00734886,38.30163998,33.70357143,99.87504974
40.66902139,40.51420064,38.85987648,35.19507855,97.17707066
42.8601029,38.25648847,36.57079053,33.54076357,98.00224913
40.74167481,38.55913136,38.2307569,39.15970927,92.64207176
39.88864715,38.05081361,36.07228581,34.09228472,98.43387699
42.97441436,37.26562433,40.01769102,32.80268757,102.6338804
45.10732335,31.9028203,44.4221777,36.15346884,103.6027892
46.43909789,34.07976778,39.54316842,35.34519419,109.1319257
43.74483783,33.76216158,38.86769415,32.00618108,106.4027018
41.68394423,35.05525541,38.77738027,33.40678663,107.363477
43.33203378,37.33349216,39.56333776,34.37400007,101.5388637
46.31415898,35.10287243,39.92202006,31.41912877,105.7658262
46.40615252,35.91924662,43.80000094,34.24529436,107.6470651
43.25793446,39.47010714,35.15883986,33.65820754,104.4159936
51.43264738,42.33339473,41.06108934,30.56880289,109.5554551
43.71045248,32.56421557,37.12480533,36.60695841,102.2684467
49.54434352,35.56517925,42.75104648,32.71898494,110.697145
45.31322664,33.68437868,42.39569949,33.02827512,110.2463907
45.43291374,35.71011834,38.28034583,33.86182185,108.2033771
48.78143789,34.49916544,46.65854327,32.0144202,109.9401506
45.16447134,32.18132233,41.79612176,32.36615237,107.8742423
47.53146472,35.64533824,35.21478064,31.11260444,110.7557964
48.59863062,35.18989923,37.06727509,35.76865253,108.0644647
45.05048933,35.73495524,42.06641822,35.58640899,105.1625474
51.77490598,39.6298121,38.17604831,32.75984036,114.3089562
50.13908534,34.52826659,43.58918565,30.20360403,116.1312732
46.48924938,32.73999157,42.6870659,32.30032418,116.4559884
43.50691777,34.19136127,39.51799005,36.0373759,107.0273609
47.69158174,35.97865665,42.20024524,35.94058524,111.8885905
50.53191741,31.03434818,41.24929969,30.86228365,120.1404932
47.47721425,33.8578356,40.3314217,35.67149133,111.1608509
47.65426315,38.56734624,43.47932029,33.94226472,118.1648417
53.95381439,36.40905705,40.07552016,29.04164991,117.0320376
51.95578977,30.62170619,44.74272556,33.14636631,115.0220854
48.89267587,28.16540586,42.02541994,32.59144115,109.0820133
50.81012075,33.08664157,41.35730094,31.7097058,112.7858992
45.7044726,26.11527553,40.81373965,27.97677208,114.8958555
48.92971088,35.98735757,40.06379218,31.46940932,109.7914575
45.6877106,31.09190569,38.3766158,32.21186299,109.2442845
46.98705247,36.15128395,34.7303673,28.0341311,117.7946835
49.78790562,33.06643684,32.95057554,27.92062049,115.9944356
51.39781979,32.08635359,41.95328117,32.2313409,112.1849482
47.60833752,34.33559688,39.40344758,27.55357248,110.7740048
43.09265179,30.66746383,38.00804141,36.61435806,108.7411453
46.74107464,27.21882427,42.06744422,34.27784573,112.5805196
49.2169385,28.64362074,45.11923716,29.51249873,120.7471883
52.16610594,27.18045769,44.29086274,31.58300818,123.058004
45.1944916,24.97217715,42.52141944,32.0701525,114.9005093
50.42936976,26.46645169,38.19839887,31.33103672,122.6468949
49.99763945,27.3749599,41.08487486,29.96257142,130.4890331
56.83121199,31.10204153,40.30923667,29.93646347,127.8678828
47.44034999,28.92050653,37.81528751,27.76974993,126.5445931
51.89367394,29.35345615,39.17579663,32.92682927,128.8416935
52.49978475,26.08978567,38.61006099,31.97581273,126.1419526
50.13529904,25,38.97812662,30.70495133,120.3190586
53.36048265,25.6097561,40.84201434,31.73008025,121.2777613
50.0363621,27.27763332,37.89641826,30.63791361,120.616909
50.97118207,26.61290323,38.01295292,32.68131915,121.9968664
50.6868704,32.55640949,40.60673471,34.86730089,112.0084124
55.21760861,30.71570952,51.06259235,40.18840229,108.5966982
49.42156645,27.91230418,47.09024133,40.63499429,108.4055163
52.13767255,30.21728954,45.15133245,36.27452026,111.5774605
50.99299443,28.50863827,46.48373388,39.32584585,109.0338496
52.93433362,30.58261953,47.58440808,39.95830339,109.3135417
52.18662284,30.41606422,46.71294058,37.73677647,110.4688746
49.82015206,30.83938137,45.37490922,40.57455453,104.221995
48.6601769,27.14430934,47.37882525,38.10553816,108.3541955
48.05587221,29.8373396,43.74008598,40.26678419,104.7536383
49.33704396,30.39077366,50.1891432,40.68248486,110.3177484
50.28200866,29.75720717,48.49627826,39.69672126,113.080562
51.51825622,28.75992645,50.56401835,43.10067053,113.4372215
49.67810632,26.93386982,45.29519298,41.18659986,107.8210777
52.26859243,26.22463873,55.45634956,43.00159677,112.1261249
47.39868158,26.11210394,50.1859117,45.38053539,108.8050462
54.19708066,28.09495652,51.17975692,41.5063479,112.4370757
50.09587473,25.93032628,44.66257511,40.50921097,109.8845815
51.12920778,26.69168586,52.66713549,44.0376795,107.8360072
49.95401116,26.91353603,50.4012035,44.98817499,107.6602088
48.99592123,28.45423625,45.96185792,40.45812351,107.4732103
52.55804408,30.80976166,50.22040463,41.82081081,109.2243158
48.6451041,25.77886463,50.5821745,39.90271896,112.002617
54.32034901,28.56386883,53.93628,46.54654855,107.6617818
48.31127171,31.98355622,49.24544243,40.50921097,111.1759995
47.38395753,29.51302818,51.01186528,44.1399615,106.7034304
48.20491583,33.65379649,45.86330053,39.33891655,111.4276527
47.63836565,32.76793835,45.2615915,42.40335943,110.6276759
45.23297641,29.98884688,48.35485232,40.73711261,108.4281749
51.0114693,33.51790566,47.88026733,44.14079746,109.2790922
50.07138402,32.64709038,46.2109423,40.74087091,109.162782
50.71352756,31.31745177,48.47165267,37.93107989,113.1461919
47.83754529,28.39025817,46.03856497,40.26085877,106.1193809
50.86854468,30.05419286,45.52150383,39.07927618,113.0500467
50.47335428,28.14564377,50.69268546,38.60811339,110.0555669
45.80998733,31.35674517,48.02558827,43.29950449,109.7281657
49.52307003,27.67978603,49.17620095,40.93467008,109.9091797
52.56251778,28.73059962,51.46584996,36.42649342,113.7658702
43.10199209,31.03855282,43.8503339,40.31596128,105.3206261
48.56609417,26.68127146,50.77498019,41.80514417,111.3594194
48.90927083,26.57933016,48.8409929,40.81903696,112.2952978
46.41806415,30.36452941,44.69311865,40.20435157,110.3998913
49.11671143,26.97186699,47.92580928,39.13432372,109.6365687
50.56209539,27.48487662,47.42837334,36.09920814,113.0607364
53.38611565,26.28843273,49.7763472,36.44838461,112.7262731
48.37939047,25.24112708,46.97729174,39.52284262,110.3534572
52.68930892,25.19416943,46.96044456,35.28606377,115.2285022
47.99584705,22.50287052,50.59056569,40.66665321,112.8345464
50.20411949,25.31890062,46.26309598,41.88177227,111.8150415
51.46175721,28.79052975,47.88326124,43.33977592,114.8002401
47.56932462,27.46587778,48.24818163,40.65540961,111.1725221
48.94111617,31.33618366,45.63167759,42.74054183,109.1416226
46.62225541,29.11262639,50.49291473,43.50194693,109.7800817
49.42262695,24.87897656,46.4227289,36.15870099,113.4455932
51.35329126,27.28215616,46.06891765,37.72263509,112.6328133
46.83542951,24.51920674,51.95087301,42.99936871,111.3825122
50.63870122,25.47183725,52.3949873,44.37643717,112.029134
52.08136208,22.80655659,53.59370995,40.77151332,113.8924283
48.04714966,26.80284576,49.95136521,44.82019451,105.9174262
55.80812179,24.46639987,44.6242776,37.09284171,117.2291027
49.99198324,21.85078466,53.60536654,46.55112184,111.2770073
54.83123152,25.51560393,51.72515746,41.26223896,109.834729
52.17509836,23.3575735,52.84096897,42.4513036,110.3551275
47.67092983,21.97435941,50.3222813,42.92798616,106.3058101
50.93296847,22.47896464,53.01091757,43.34827719,112.8195778
47.59428404,23.81163321,48.08233569,43.77746848,109.2126094
48.66165453,21.57359728,51.12387038,41.0008968,118.8977912
50.22644678,25.16563633,53.96383633,35.1472175,112.5128135
52.36088081,25.82806573,52.83431978,32.53898706,115.0791906
53.59650469,29.29666036,51.1678944,31.13503682,115.4150635
52.579687,30.02703545,50.56357566,34.04356001,113.7970668
51.34439837,33.1239036,49.52513222,31.53527851,114.0473832
50.37508042,34.18191503,49.75968694,31.70053173,114.7744433
48.62539764,32.94575939,47.50844163,33.89039874,110.6197523
50.51276879,30.8945326,52.78721404,31.00613952,115.3629715
49.23928176,35.0752516,49.23928176,29.78666595,113.3696924
52.71129506,41.42669195,45.71229607,29.45595051,112.7899879
52.74630469,36.16108629,50.35326025,30.83423307,112.0663287
50.42921102,36.02335877,47.35533539,27.94527783,112.8926431
49.38623131,37.86004626,47.79404054,31.223967,112.0782288
49.79343301,42.29605535,43.40389617,26.96472813,108.4640034
48.30942278,40.5627879,41.73366662,29.35627089,108.4303453
48.24211209,41.95371115,44.4357275,32.86743454,108.1049107
49.47833337,38.17283484,47.0561539,28.98079098,107.8631715
48.46830295,38.69886748,43.60646264,28.45695804,106.4742526
50.55622407,41.24500927,44.20929237,25.85484937,109.5241218
51.24619407,37.08239777,51.61554818,26.10892871,111.3392985
50.0275524,37.20518949,42.41521947,23.42121147,107.6548733
53.0222836,37.02327972,45.38547266,27.04090027,108.0356961
51.99839439,43.17773849,47.15399934,29.24422415,109.3613175
51.74056003,38.87637821,41.72901963,25.99770392,105.2936068
55.68448752,40.85051004,45.52459053,28.72898028,108.5562854
45.81329593,39.76412732,39.13038155,26.94697395,100.9806307
49.4310589,41.83340578,45.33889847,33.90276914,103.5412413
48.1628334,42.42694747,43.18728188,33.80722113,100.3281607
49.704601,45.36632878,31.31981411,26.37988272,104.930753
46.26079181,44.87975939,36.66765438,29.40877974,98.19114878
45.8377198,50.29069083,31.18052629,28.95915099,97.93205595
43.74114334,46.89215748,37.71835477,34.37611652,95.39922111
48.10858387,48.38461187,35.84928593,32.66858061,101.4378023
48.59760402,48.68260548,32.98009516,31.31008573,101.0448628
44.55337535,47.70386467,35.09440935,35.18781551,97.26145778
44.90093002,42.30410543,37.47859133,34.65623593,93.69647834
45.57004252,49.06648759,34.705528,29.33170257,95.18767284
47.87375896,55.51092996,36.31478729,33.77004703,99.23235335
49.11977872,48.71070026,37.56295605,39.75672185,93.09412529
47.19555483,47.38851894,35.48073261,36.49811332,94.77703788
41.5388005,44.49049353,34.60371719,30.67806262,90.62512785
45.58655527,46.55690928,36.06786771,31.94344277,98.31204513
45.24919571,51.03676427,34.8205148,35.9064107,97.72208118
48.67636303,49.75198987,34.90364917,35.60373178,98.53897622
48.37692296,41.56835597,39.38366227,28.04803543,106.9331351
50.78369904,37.76684608,45.53694099,25.90512057,112.4877471
53.21885029,24.2876399,53.39703978,23.88375809,122.2263342
59.628003,26.81667721,62.18613668,28.76096593,133.0491615
56.87308635,23.82447479,58.57416692,30.88329286,126.4901492
58.69613587,28.73704679,69.54632189,26.60774054,126.8263168
56.19455339,29.10657106,56.5535024,22.81804352,119.8703124
56.92818196,32.11615685,53.55967776,23.43234614,117.5653885
59.84758053,32.69264041,59.9650694,24.12397536,121.4356493
49.796435,31.08055679,55.14573678,24.91920135,111.5644616
52.05308893,31.43329649,56.63018634,22.37688081,114.9702641
54.7083562,27.77587604,55.81010366,21.90970832,121.4780415
57.90808466,26.0723965,61.82806851,26.00951676,132.6358644
62.81555043,26.69462528,66.67038786,30.97613046,133.3407757
61.94346901,26.66666667,65.03448761,27.8461941,128.8618319
54.2933457,27.76774004,57.10508115,25.71375871,119.1894726
58.2865111,30.16239918,54.36194087,27.64840236,116.050019
53.96451928,32.60867164,53.83216002,30.16108787,110.0369699
50.08091602,37.38749727,44.6268013,30.06566024,104.3980252
46.62939789,41.91130708,43.36586637,33.86974403,96.84976825
43.93719371,43.81843397,42.10930564,37.31667659,95.57586229
47.82375698,48.74870943,42.87808874,43.43834783,97.7421839
42.26602468,47.98308633,34.31071578,39.95289078,89.45594465
38.51324596,50.41158357,30.41927988,43.35781074,84.90601738
39.39920968,53.86282782,28.42314146,48.35893576,84.84108784
37.43562362,54.95769069,31.41156237,43.87065074,81.5511577
37.84959867,53.31167404,27.33162393,46.3361229,87.57333864
33.45536534,53.69627203,27.60580463,56.17495874,79.5459877
31.81084763,64.64211768,28.11986668,65.73695033,78.60536291
27.98391156,60.88053237,28.83086722,59.67883927,70.84774728
30.11957174,64.73220472,27.8655346,66.06765273,74.54524068
32.15175839,61.43036018,27.01749844,57.64963788,74.48926
27.23407635,60.86742736,30.67108785,60.57828857,78.9800841
38.19649369,60.0774771,28.76984368,51.52124224,84.75080073
34.8186849,55.85493925,33.40654517,54.42904489,78.47685265
36.67171855,57.92607594,29.80605803,53.50471914,88.63384551
38.54512033,55.31363211,30.1979471,57.29172574,85.67523379
42.94276566,56.36152924,26.97186699,44.43423122,88.94230223
37.36456725,54.93175556,27.97226746,49.44337489,91.16777756
36.12354487,45.79232233,33.70602974,43.78881501,91.88153161
41.61061113,51.62336649,33.70669454,41.87779347,90.84178488
41.63511205,49.35122269,31.3976194,44.85879425,90.97822409
43.53861597,51.46509289,35.09610228,45.16530993,88.47844252
45.68740732,48.33938048,38.73854599,44.99515599,92.99075111
38.17555651,42.33317665,42.48549895,42.58393873,91.12010454
41.00604685,50.68524314,35.04855783,42.98578172,89.13611725
38.78016301,45.80416698,40.2916095,46.75636095,86.45259971
42.37137526,45.66672639,38.13942013,44.33136282,96.21083274
40.380301,44.15253401,42.48549895,42.58393873,90.5524843
37.90593369,40.98245311,35.61891287,42.8929527,93.94481841
42.13004917,43.75963631,36.61242466,40.00776569,89.78814544
41.23669024,40.71702029,38.78001395,40.27854022,93.33943432
44.84409389,43.64767104,39.27045696,40.987185,93.98499769
39.5116935,46.15067828,38.30847931,44.45403912,90.12404522
41.51600179,43.4552249,37.94470904,42.63515009,89.80019547
44.87033914,40.29555241,38.24969973,39.42293308,95.08867284
41.62407417,46.09338701,34.72573827,35.6586907,93.91079983
47.55400562,41.51993342,40.53246478,40.11239407,94.27107911
42.05835045,43.60286491,39.53242065,36.73609375,91.70444592
44.02269285,38.91491642,41.44947222,38.05195039,95.36957013
44.00159724,35.43098831,38.75637853,35.72540822,93.35945663
37.31016349,39.82077515,42.72992852,43.45707314,87.01476513
35.01305231,39.58845434,39.96554717,44.26305388,83.62928739
37.60915038,40.52250807,38.19422817,41.62969002,85.90150716
36.74920923,38.29057776,40.87393482,40.58525576,89.66522161
48.4198354,31.68680049,47.50873861,44.38667298,101.5351691
51.45199462,31.24001413,45.12351347,37.43612727,107.9219284
47.6331205,31.17994548,41.58569777,36.42045452,106.5001099
46.22087607,34.83220233,40.92863823,39.22459147,103.2883817
49.71521723,31.64581567,46.7157163,39.34695915,109.8990232
49.30205901,32.20854462,47.36461353,38.79306811,107.9948056
49.05231933,33.90108639,44.4682916,37.7997432,107.7003965
48.37814852,32.65900444,41.27847049,37.75432563,107.5117715
50.12424407,34.86878196,42.06593231,37.07386379,111.6496022
45.69911633,32.80388312,44.4682916,35.96984557,105.6276601
47.16948166,35.27775503,45.04442252,39.78341363,105.3239289
47.69111677,33.39805686,42.99818896,41.77167496,107.6576489
42.38864729,30.21281342,47.53324302,40.15570778,104.5999206
47.15188405,33.16280962,42.55967961,37.91598235,105.4177101
48.79034187,33.21195715,43.70008516,36.68944814,107.6926388
49.25039315,30.99219977,42.60017066,36.12335214,108.3930662
47.065932,33.76583015,45.75019872,36.8659697,107.1525927
49.52309309,32.51175627,43.02951403,38.36731457,108.9252501
47.97411244,31.5623073,41.93508312,38.0128657,108.0422641
45.07202978,29.26154979,43.14039944,37.67665282,110.0059868
49.06858072,31.95540724,44.06412913,37.76273755,111.6631092
47.5786762,31.38964591,42.30349817,35.65926196,108.8053728
45.96231566,32.64244564,41.63386036,35.14808122,106.8105955
49.53510373,32.74371881,41.81240872,35.16610697,111.215979
48.18588889,30.11419458,44.28943555,38.10121579,111.3649369
47.09699177,35.50667655,37.2114367,33.23875789,109.398715
47.87439735,31.29176592,40.96935344,36.40364669,105.9043243
40.85230842,31.81804393,40.2987157,41.3555615,105.6497492
45.47804554,37.80889853,43.68188367,35.20787357,103.8524967
45.05937856,40.04569322,40.5863879,37.27846453,98.83047675
38.00845111,39.37842103,39.05047418,41.48063754,91.18777193
41.90904585,44.59983443,36.04976918,37.04625979,84.8755976
31.99459924,44.14592915,35.56055894,41.55337351,77.77724395
30.38125,55.95013848,32.13373702,46.18715966,79.49406596
31.12831806,46.53973923,31.80507182,49.39418066,81.67235114
37.98800244,46.49729546,35.15501847,41.02580449,89.51205563
41.30650579,45.04325428,35.18699644,39.13521266,88.63280943
43.77747387,44.20082881,41.04248038,40.36973537,88.96003057
39.52133114,46.18162904,36.4041305,40.19347739,94.32105035
41.91794166,40.14771668,40.56626795,38.00932707,97.44431454
43.98187244,41.4006124,37.95305845,37.16795216,95.28655694
41.08183947,39.20029408,40.01295783,39.87349153,94.5524624
43.99405146,40.60750433,38.06670549,35.26918488,95.33127719
41.73987318,35.42812421,44.44706033,42.31806114,99.58098983
47.45197365,32.29602181,38.19318757,34.0202599,104.4068642
45.69009837,38.21770347,44.47331499,41.68647221,104.5637123
45.92257508,41.45851253,38.15052616,35.72435925,106.440289
47.76134847,36.72704451,40.04086894,35.8004084,103.9281754
43.14421466,35.80803381,39.15555267,39.77047325,104.376485
48.48664129,38.87387934,44.79881998,40.50344024,108.607221
51.33505149,34.0667731,46.53367814,39.68901185,106.6406077
45.97269953,37.7854444,41.2491654,41.32369474,107.211904
51.47056832,36.99654701,45.20464626,35.97185996,103.2089912
49.69480342,37.76684608,39.61258548,36.56042806,103.4972049
50.46337395,36.86852393,39.32988686,34.79371091,105.6140235
49.41336747,44.23922126,39.08313742,36.27195946,98.15775014
45.74396516,39.54772348,40.39705238,38.33449568,97.48895644
49.42643123,42.5237379,38.43074085,36.77008416,100.4573206
47.51698742,40.24513208,40.89856194,38.4200013,99.50030623
47.23306966,41.98054491,40.31764755,37.42100523,98.31534127
51.18119627,40.18437201,42.27423697,40.20174052,97.01753639
43.51560306,39.23440934,40.38185396,33.59714577,93.70461865
41.16116114,42.78238247,34.41117744,37.9689642,94.37772125
45.0657846,39.07611059,40.22716041,38.13102174,93.60908417
42.11265026,39.670426,35.61980993,38.85992376,96.15241975
46.21954626,35.70060218,41.92176668,37.72666183,97.54280832
48.08802341,36.52738815,39.97401606,34.95296824,99.44713502
44.33563942,40.0555267,37.36369066,38.47383968,94.23618113
43.44217299,37.75408773,36.73054532,37.06450351,97.20163938
47.57679834,37.66797362,36.78030352,39.38176841,98.64495026
44.87151788,35.78522447,37.05451716,36.71472646,97.52233992
43.50484825,38.56423836,38.42458258,36.94210158,97.62468255
46.05983503,35.19776846,39.12917363,37.47869669,98.80609363
45.50338034,32.44201248,39.24535545,34.54842542,101.2236891
42.81123279,32.49308435,39.13708806,34.28752728,103.9783084
50.03445781,35.75265125,40.96309708,35.42413448,102.7537847
46.41894137,32.08669445,45.3784851,38.890657,104.2073126
42.95715009,34.09921158,40.23707104,35.07951236,103.0910131
46.97240921,31.59317138,43.91534151,37.186649,103.4621867
50.01343257,34.47857674,39.38646675,34.30943824,106.6016108
48.73150447,30.87041487,41.29739319,36.93867665,109.103101
48.14051157,31.73031969,40.55891596,39.33457503,106.5715571
48.75751058,36.56813294,39.68340401,36.20642008,107.468379
49.44719922,32.70057773,45.41260789,35.50917719,108.3927697
46.30658551,31.91314429,43.85808583,36.86664903,107.893551
46.13205244,33.556354,44.07059688,36.98250301,110.3380994
46.36574394,29.24724202,43.84516622,40.04699208,104.2904251
46.51022539,32.1939396,44.30125132,33.87178627,105.7848409
46.13547016,30.630885,44.61386594,36.9815857,110.2165698
44.50156504,30.38488586,40.2782219,36.2875123,105.500629
47.81350784,36.86852393,36.7967474,32.24569902,109.3105302
46.84711478,29.13981484,40.80478669,34.79049492,107.6341135
51.97393587,32.46392166,43.61226836,32.94790685,108.688788
47.04238882,31.1174757,42.07913886,35.34303737,105.5620335
48.26937109,27.87221339,39.0658199,27.37226277,111.5075454
48.713883,31.56405459,42.23843035,30.66001014,106.4766706
43.44357168,28.36788662,40.98911963,34.63416001,106.999652
48.13439734,32.88833399,38.63396509,34.11788413,104.5779021
47.29058645,28.93764829,41.60999427,31.38409709,110.2246456
47.38423759,34.07280185,37.2966745,34.30628541,110.4636119
50.79938797,30.07703026,42.6368899,33.08281145,104.3311033
49.04915125,28.15302005,40.87429271,33.58208955,113.1028696
51.07528932,33.50076144,41.81240872,33.77441404,109.2139163
44.15368164,29.70570098,43.95532253,34.99573007,105.7190564
49.22237033,33.49179499,43.32527924,34.39144642,107.9337584
48.39084998,30.85041244,47.66251808,34.03268555,112.7148236
41.32192863,29.17843175,42.09984682,36.50528109,107.034597
42.96361398,33.80739914,39.67740186,38.69370649,103.0726829
45.78453452,33.52002187,42.82260169,36.07590872,108.0634667
44.37790061,33.26166698,41.02119643,32.127731,109.2674414
45.41655897,34.01600429,36.33916845,32.34546379,105.0901774
48.12421153,34.31334052,39.0242653,32.41924883,110.9632849
44.24289715,30.99834153,40.07769904,33.63847051,106.9026698
44.35891343,31.64129534,38.31101584,36.01159301,106.6295516
46.85271902,35.7642079,34.17466911,32.57975209,108.8691839
47.36555894,33.17251879,38.27718013,31.93967205,105.3422847
43.42827708,33.14490633,41.46307369,34.96117176,105.0647966
44.00648556,32.75092876,41.91550079,35.58509041,101.76158
47.38034713,31.61940568,42.57815317,31.59959121,106.7127953
46.16581402,30.94695824,42.72935828,35.4661739,104.2359793
45.46935122,33.41261468,43.78530117,31.74803381,109.545534
48.97851556,34.12771588,41.38166337,31.47449156,109.6407751
49.60172191,35.11555953,42.17199879,34.66122546,108.9508048
48.87144115,36.22309752,44.41572137,35.9765373,103.1225408
46.81394513,33.36389164,41.17773597,32.99697219,106.4742131
45.32133986,39.39699893,36.26061355,35.29179661,105.5546457
46.69946597,34.83869592,41.08379172,37.55409526,106.957986
47.92726906,35.30260735,44.32240542,38.69282161,105.8676196
43.77825937,34.5748143,43.6652226,38.54850857,104.0138581
44.63946564,32.92909994,37.00927319,37.9117436,102.80525
45.19577582,38.15468333,40.27300064,36.49577108,101.1168067
45.90754295,32.92190868,40.07911111,37.1739887,105.1234978
45.7786259,32.35031506,40.40185848,37.54923205,104.5930088
43.3832269,30.25511645,41.84529677,37.1739887,101.6029151
44.77201634,31.66109299,46.60893425,36.04269845,104.5661974
43.83110697,28.77758569,43.68991627,39.16251034,103.5559304
44.82331558,33.99621736,45.02047264,38.91687602,102.5808784
49.06858072,31.13997052,42.61576641,34.59551788,108.1654629
43.60041959,35.22266697,36.90998475,30.8149938,103.4832982
52.74426409,43.39037185,36.0193918,31.16645611,106.367567
45.9406262,40.89999207,34.69382492,35.28806557,106.3727178
48.74870943,39.13557982,36.85044721,30.16386271,103.3471215
48.68996517,35.89718952,37.53875327,31.48187248,105.581193
50.3935852,35.84388972,42.80236265,32.71613246,108.2442697
46.96229396,38.0263275,41.18777161,36.97447142,103.8548131
46.76112349,32.16764522,44.44732307,35.88715882,107.2413242
46.08301989,36.41582082,39.9073198,33.76559113,102.2681483
48.45088588,33.79040482,46.19589255,35.98511126,104.0468065
46.64649025,36.11710351,41.65555029,35.0059328,101.6020941
54.7900077,35.93373749,42.43378721,34.45896551,108.9558439
50.34636586,33.61719919,41.2512598,32.58111925,108.7744723
46.39307383,36.24717285,37.05727156,30.90519778,108.4305685
51.74183967,36.21261448,45.10789137,36.56063327,109.2841399
47.37556801,32.17928173,41.48419303,32.59099323,105.8862656
45.14132571,36.77439654,41.86988451,36.46071696,110.5711606
49.07620318,32.32951463,43.99125623,37.60898974,111.2540743
48.00161697,33.74465469,42.89352617,33.02334633,109.7340204
47.13467329,40.28194179,35.98670304,35.81469995,103.902758
43.85555973,40.54144603,33.2292652,36.14253463,97.94427933
44.17384778,42.84017067,34.47610527,34.03370119,90.48911414
35.40636266,44.79296455,33.36314853,41.53463605,80.09126786
40.37602452,42.03177619,36.80251004,38.10538555,101.0774607
43.32106708,43.63349152,36.57428925,36.77064296,102.1962466
42.92115471,43.40730401,39.39601677,42.60480161,96.8500143
44.09688216,43.16065838,37.54124611,38.34081062,94.72663576
42.62466365,47.22919009,35.65058091,39.78626877,99.13071959
34.84766907,47.28227502,36.07567031,38.95196517,86.33165227
37.01861408,45.05546195,35.70646118,43.47012296,83.55232963
41.19067249,40.88518229,37.03391758,40.17973557,97.02323087
54.42641659,32.5465811,49.62267352,34.22693569,112.6585967
59.57104053,26.62525855,52.09917882,31.7840098,113.1630745
54.25234533,29.90829035,51.37698453,33.11851329,112.5989888
53.90216422,29.07708785,48.65139616,29.1252436,109.9562945
49.60664117,27.33367749,44.67143371,31.76889953,110.4107945
53.09463507,30.89666532,48.12027063,31.94275944,111.9614128
50.7224091,27.84250505,48.00232532,31.58184371,109.3349582
47.02793596,31.26329421,44.57871509,32.45585726,107.4956858
51.6309023,28.89814338,43.17476737,27.87228322,112.335109
55.11147717,31.85700576,50.30049419,31.18599078,108.3629707
55.08902463,30.82025234,50.21574596,32.21179193,111.6323841
49.05672994,32.51667394,46.55690928,36.69060546,103.2781164
50.57585253,39.78084495,49.90005636,33.00094696,104.7463215
59.74508519,40.3254254,42.57277069,35.7588471,104.8365018
53.69963231,38.62836407,42.12168822,40.02207459,105.6512625
54.0518378,39.80681457,43.62410458,31.98743,105.2959788
42.69358874,40.25262999,42.6229704,43.03090105,98.51074799
46.58881387,40.11669042,43.80628946,34.65793019,96.3064174
44.98575778,42.86362823,35.95769215,39.74569159,94.25538925
48.0834236,42.96570626,40.30161481,42.00542376,91.43996686
44.16170273,42.47339981,39.26377906,36.14185336,92.13143175
47.47061531,43.47590427,40.53688146,35.88193204,97.70374672
45.01325106,43.82471373,42.9367008,42.96361398,93.76917666
46.83882789,41.05696958,38.54800736,36.72330137,95.27841993
43.58638756,45.05546195,36.15673691,37.77255122,94.49307067
44.79643319,44.59542816,42.03520236,40.48272767,93.63702298
44.29645718,44.26030117,41.47242354,44.84368753,93.65864764
45.71752214,48.1691529,38.04886491,43.07324386,90.64591571
48.24544511,40.99721192,35.30778573,39.25237613,96.20285083
42.74835143,47.11971651,34.26912786,42.0657735,87.88660325
37.24751311,45.67128013,33.9135698,43.30888055,85.76676965
38.80571696,46.74034055,33.57663879,44.48319392,83.55218586
38.40170261,47.11473104,34.87663254,47.40940932,87.84494087
41.32208927,48.80761061,33.93608659,40.8072124,88.37924616
38.56871168,49.87877673,32.80407989,42.11475009,85.14485345
38.80677671,55.95949887,32.02822871,48.29155198,82.74461575
37.28404769,48.8845728,36.09506179,42.62466365,86.22144581
36.34129712,44.49887732,36.84855202,41.45286636,87.20873606
41.43961454,47.60117867,38.9755801,43.09087451,89.24409015
45.23554375,35.86798969,44.09285317,37.49181399,101.7561962
58.07894518,34.1910915,49.89832395,32.02798181,109.1064266
52.76391663,38.11924839,46.60283307,34.22152126,107.8133076
49.82280395,35.89574441,41.93207424,34.57784745,107.9035521
52.2041684,32.93385061,52.02923846,38.45052293,113.7646334
58.68449572,31.34158413,50.16265162,34.89115028,112.7352744
56.19334943,33.61276063,46.83429757,33.1493358,110.6389356
53.67063037,40.58244061,44.93522298,32.14217557,113.383492
57.54082188,34.55547391,55.02251996,30.56623009,116.8616638
54.25384095,29.2668616,50.08985558,30.66783812,111.5370799
59.48201415,26.16553884,57.49089326,29.17903579,112.5760782
51.59033876,25.22331769,59.21082291,40.00044438,110.3274071
51.31039974,30.17457775,44.7033773,30.80822685,106.0961006
58.7071513,35.48429383,52.39263608,30.47277925,106.6526096
53.64450064,35.22706272,49.8448713,42.14636675,97.02002962
51.36170459,30.33659009,45.5307378,35.27977915,106.301558
54.61551275,35.93207118,44.94566409,32.97661112,104.7942933
52.4727359,32.97126971,49.58652281,32.56364177,103.0512914
53.2530034,30.09032808,47.77458107,28.17676665,104.1313785
52.05782499,30.3019081,52.8742514,31.8525296,103.9196759
52.03270145,31.9540633,51.53045666,33.3604811,98.30089688
54.33979428,32.39289536,50.0994596,28.05797164,105.2455402
51.13401088,38.28065997,42.77660421,29.85867144,104.1182372
50.60448687,33.79026414,44.3123029,31.05874144,103.0925679
50.35754571,36.52253385,50.43917817,38.53767519,102.1885418
43.48772448,39.44350098,40.30037876,39.78835658,95.92726612
41.37720472,39.33271475,38.11775029,37.05071597,93.91756694
40.9519971,43.98219824,36.45539056,38.14435327,87.45072623
37.80721014,45.71539067,35.10069839,39.89799581,87.27539466
37.44158289,48.85927744,24.82058751,49.18567262,84.52298301
46.0646522,50.50897963,31.97814297,48.11204183,95.64930953
36.15032295,52.1346763,26.91285674,46.57009327,90.94436093
37.34959782,55.42393355,32.43805215,50.53486335,88.09755253
43.33581025,50.85028975,33.33399091,42.45893747,91.55266331
43.11749328,49.85142663,30.84604585,34.50854911,93.5042362
39.85070866,47.89356327,31.47831705,37.67161555,90.12007618
44.98087306,43.35501075,31.74763321,35.35574033,92.43716614
38.85710777,45.35765608,28.10408236,39.13471807,89.26293005
40.15018336,47.62618766,28.46021687,35.387524,89.5012039
37.99228193,48.11517091,30.4091422,39.81204735,88.93242523
36.36216246,53.29407247,28.64809059,45.54400955,82.1495558
38.88204425,45.06939094,30.37784332,36.22930444,85.85199025
37.7152279,40.78274903,30.58333554,36.95626368,91.64855711